feature,importance
area,0.9272552552199713
bedrooms,0.015487532110659263
bathrooms,0.04774920485080527
stories,0.009508007818564014
